﻿{
  "tracker_default": {
    "type": "array",
    "orientation": "vertical",
    "margin": "0,0",
    "content": [
      {
        "type": "itemgrid",
        "item_margin": "1,1",
        "h_alignment": "center",
        "item_width": "48",
        "item_height": "48",
        "rows": [
          [ "emf5", "box", "fingerprints", "orb", "writing", "freezing", "dots" ]
        ]
      },
      {
        "type": "map",
        "v_alignment": "center",
        "maps": [
          "map_spirit", "map_wraith"
        ]
      },
      {
        "type": "map",
        "v_alignment": "center",
        "maps": [
          "map_phantom", "map_poltergeist"
        ]
      },
      {
        "type": "map",
        "v_alignment": "center",
        "maps": [
          "map_banshee", "map_jinn"
        ]
      },
      {
        "type": "map",
        "v_alignment": "center",
        "maps": [
          "map_mare", "map_revenant"
        ]
      },
      {
        "type": "map",
        "v_alignment": "center",
        "maps": [
          "map_shade", "map_demon"
        ]
      },
      {
        "type": "map",
        "v_alignment": "center",
        "maps": [
          "map_yurei", "map_oni"
        ]
      },
      {
        "type": "map",
        "v_alignment": "center",
        "maps": [
          "map_yokai", "map_hantu"
        ]
      },
      {
        "type": "map",
        "v_alignment": "center",
        "maps": [
          "map_goryo", "map_myling"
        ]
      },
      {
        "type": "map",
        "v_alignment": "center",
        "maps": [
          "map_Onryo", "map_The_Twins"
        ]
      },
      {
        "type": "map",
        "v_alignment": "center",
        "maps": [
          "map_Raiju", "map_Obake"
        ]
      }		

    ]
  }
}
