﻿{
  "tracker_default": {
    "type": "array",
    "orientation": "vertical",
    "margin": "0,0",
    "bgimage": "images/evidence/box.png",
    "content": [
      {
        "type": "itemgrid",
        "item_margin": "1,1",
        "h_alignment": "center",
        "item_width": "48",
        "item_height": "48",
        "rows": [
          [ "emf5", "box", "fingerprints", "orb", "writing", "freezing", "dots" ]
        ]
      },
      {
        "type": "map",
        "v_alignment": "center",
        "maps": [
          "map_spirit", "map_wraith", "map_phantom", "map_poltergeist"
        ]
      },
      {
        "type": "map",
        "v_alignment": "center",
        "maps": [
          "map_banshee", "map_jinn", "map_mare", "map_revenant"
        ]
      },
      {
        "type": "map",
        "v_alignment": "center",
        "maps": [
          "map_shade", "map_demon", "map_yurei", "map_oni"
        ]
      },
      {
        "type": "map",
        "v_alignment": "center",
        "maps": [
          "map_yokai", "map_hantu", "map_goryo", "map_myling"
        ]
      },
      {
        "type": "map",
        "v_alignment": "center",
        "maps": [
          "map_onryo", "map_the_twins", "map_raiju", "map_obake"
        ]
      }
    ]
  }
}
