﻿[
	// Power Ring
	{
		"name": "Oasis Cave",
		"color": "#0000ff",
		"access_rules": [
			"thunder,thunderball,flight",
			"thunder,storm,flight",

			"thunder,thunderball,water,waterball",
			"thunder,storm,water,waterball",

			"thunder,thunderball,water,blizzard",
			"thunder,storm,water,blizzard"
		],
		"sections": [
			{
				"name": "Behind Iron Wall",
                "item_count": 1
			}
		],
		"map_locations": [
			{
				"map": "map_full",
				"x": 1015,
				"y": 316
			}
		]
	},
	
	// Warrior Ring
	{
		"name": "Aka'migo",
		"color": "#0000ff",
		"access_rules": [
			"ivory,change,thunder,water,waterball",
			"ivory,change,thunder,water,blizzard",
			"ivory,change,flight",
			"ivory,change,fog,shell,broken,glowing"
		],
		"sections": [
			{
				"name": "Change into Akahana",
                "item_count": 1
			}
		],
		"map_locations": [
			{
				"map": "map_full",
				"x": 912,
				"y": 154
			}
		]
	},
	
	// Iron Necklace
	{
		"name": "Evil Spirit Island (Visit Joel first)",
		"color": "#0000ff",
		"access_rules": [
			"wind,windball,flight",
			"wind,tornado,flight",
			"wind,windball,fog,shell,water,waterball",
			"wind,tornado,fog,shell,water,waterball",
			"wind,windball,fog,shell,water,blizzard",
			"wind,tornado,fog,shell,water,blizzard"
		],
		"sections": [
			{
				"name": "West River Room (Iron Necklace)",
                "item_count": 1
			}
		],
		"map_locations": [
			{
				"map": "map_full",
				"x": 1622,
				"y": 454
			}
		]
	},
	
	// Deo's Pendant
	{
		"name": "Bunny Field",
		"color": "#0000ff",
		"access_rules": [
			"change,flight"
		],
		"sections": [
			{
				"name": "Change to Stom, talk to Deo",
                "item_count": 1
			}
		],
		"map_locations": [
			{
				"map": "map_full",
				"x": 1176,
				"y": 352
			}
		]
	},
	
	// Speed Boots
	{
		"name": "Oasis Cave",
		"color": "#0000ff",
		"access_rules": [
			"thunder,flight",
			"thunder,water,waterball",
			"thunder,water,blizzard",
			"fog,shell,broken,glowing,change"
		],
		"sections": [
			{
				"name": "Chest on left side of big room",
                "item_count": 1
			}
		],
		"map_locations": [
			{
				"map": "map_full",
				"x": 924,
				"y": 316
			}
		]
	},
	
	// Shield Ring
	{
		"name": "Waterfall Cave",
		"color": "#0000ff",
		"access_rules": [
			"fire,fireball,lime",
			"fire,flame,lime"
		],
		"sections": [
			{
				"name": "Use Flute of Lime on Akahana (NOT ON VILLAGERS!)",
                "item_count": 1
			}
		],
		"map_locations": [
			{
				"map": "map_full",
				"x": 1680,
				"y": 996
			}
		]
	}
]