﻿[
	// Bow of Moon
	{
		"name": "Queen Aryllis",
		"color": "#ffffff",
		"access_rules": [
			"change,kirisa,flight,fire,fireball",
			"change,kirisa,water,waterball,fire,fireball",
			"change,kirisa,water,blizzard,fire,fireball",

			"change,kirisa,flight,fire,flame",
			"change,kirisa,water,waterball,fire,flame",
			"change,kirisa,water,blizzard,fire,flame",

			"change,kirisa,flight,windmill,wind,windball",
			"change,kirisa,water,waterball,windmill,wind,windball",
			"change,kirisa,water,blizzard,windmill,wind,windball",

			"change,kirisa,flight,windmill,wind,tornado",
			"change,kirisa,water,waterball,windmill,wind,tornado",
			"change,kirisa,water,blizzard,windmill,wind,tornado"
		],
		"sections": [
			{
				"name": "Change to woman and give Kirisa Plant",
                "item_count": 1
			}
		],
		"map_locations": [
			{
				"map": "map_full",
				"x": 462,
				"y": 1014
			}
		]
	},
	
	// Bow of Sun
	{
		"name": "Mt Sabre",
		"color": "#ffffff",
		"access_rules": [
			"flight,wind,windball,thunder",
			"flight,wind,tornado,thunder",
			"flight,wind,windball,change",
			"flight,wind,tornado,change"
		],
		"sections": [
			{
				"name": "Summit Island",
                "item_count": 1
			}
		],
		"map_locations": [
			{
				"map": "map_full",
				"x": 40,
				"y": 60
			}
		]
	},
	
	// Bow of Truth
	// Psycho Armor
	{
		"name": "Big Pyramid",
		"color": "#ffffff",
		"access_rules": [
			"flight,thunder",
			"flight,change,wind",
			"flight,change,fire",
			"flight,change,water"
		],
		"sections": [
			{
				"name": "Draygon 1",
                "item_count": 2
			}
		],
		"map_locations": [
			{
				"map": "map_full",
				"x": 1174,
				"y": 540
			}
		]
	},
	
	// Windmill Key
	{
		"name": "Windmill Keeper",
		"color": "#ffffff",
		"access_rules": [
			""
		],
		"sections": [
			{
				"name": "Talk to Zebu first",
                "item_count": 1
			}
		],
		"map_locations": [
			{
				"map": "map_full",
				"x": 520,
				"y": 1176
			}
		]
	},
	
	// Prison Key
	{
		"name": "Mt Sabre North",
		"color": "#ffffff",
		"access_rules": [
			"fire,fireball,teleport",
			"fire,flame,teleport",
			"fire,fireball,flight,wind",
			"fire,flame,flight,wind"
		],
		"sections": [
			{
				"name": "Behind left prison",
                "item_count": 1
			}
		],
		"map_locations": [
			{
				"map": "map_full",
				"x": 944,
				"y": 756
			}
		]
	},
	
	// Key to Stxy
	{
		"name": "Shyron",
		"color": "#ffffff",
		"access_rules": [
			"thunder",
			"flight,change",
			"fog,shell,broken,glowing,change,water,waterball",
			"fog,shell,broken,glowing,change,water,blizzard"
		],
		"sections": [
			{
				"name": "Talk to Zebu",
                "item_count": 1
			}
		],
		"map_locations": [
			{
				"map": "map_full",
				"x": 56,
				"y": 554
			}
		]
	},
	
	// Insect Flute -> included with Sword of Fire
	
	// Flute of Lime
	{
		"name": "Queen of Portoa",
		"color": "#ffffff",
		"access_rules": [
			""
		],
		"sections": [
			{
				"name": "Clip into back room first",
                "item_count": 1
			}
		],
		"map_locations": [
			{
				"map": "map_full",
				"x": 1150,
				"y": 1176
			}
		]
	},
	
	// Shell Flute
	{
		"name": "Dolphin",
		"color": "#ffffff",
		"access_rules": [
			"water,flight",
			"water,waterball",
			"water,blizzard"
		],
		"sections": [
			{
				"name": "Talk to Asina, give dolphin an herb",
                "item_count": 1
			}
		],
		"map_locations": [
			{
				"map": "map_full",
				"x": 1414,
				"y": 1024
			}
		]
	},
	
	// Statue of Onyx
	{
		"name": "Item in grass",
		"color": "#ffffff",
		"access_rules": [
			"fire,fireball",
			"fire,flame",
			"windmill,wind,windball",
			"windmill,wind,tornado"
		],
		"sections": [
			{
				"name": "Walk on bridge first",
                "item_count": 1
			}
		],
		"map_locations": [
			{
				"map": "map_full",
				"x": 520,
				"y": 764
			}
		]
	},
	
	// Broken Statue
	{
		"name": "Zombie Town",
		"color": "#ffffff",
		"access_rules": [
			"fire,wind,windball,flight",
			"fire,wind,tornado,flight",
			"fire,wind,windball,fog,shell,water,waterball",
			"fire,wind,tornado,fog,shell,water,waterball",
			"fire,wind,windball,fog,shell,water,blizzard",
			"fire,wind,tornado,fog,shell,water,blizzard"
		],
		"sections": [
			{
				"name": "Sabera the Teenage Witch (use Fire)",
                "item_count": 1
			}
		],
		"map_locations": [
			{
				"map": "map_full",
				"x": 1680,
				"y": 54
			}
		]
	},
	
	// Ivory Statue -> included with Storm Bracelet
	
	// Fog Lamp
	{
		"name": "Portoa Area",
		"color": "#ffffff",
		"access_rules": [
			"wind,windball,flight",
			"wind,tornado,flight",

			"wind,windball,water,waterball",
			"wind,tornado,water,waterball",

			"wind,windball,water,blizzard",
			"wind,tornado,water,blizzard"
		],
		"sections": [
			{
				"name": "North cave (Fog Lamp)",
                "item_count": 1
			}
		],
		"map_locations": [
			{
				"map": "map_full",
				"x": 1664,
				"y": 1176
			}
		]
	},
	
	// Glowing Lamp
	{
		"name": "Lighthouse",
		"color": "#ffffff",
		"access_rules": [
			"glasses,flight",
			"glasses,fog,shell"
		],
		"sections": [
			{
				"name": "Use Eyeglasses in Joel shed, use Alarm Flute on Kensu",
                "item_count": 1
			}
		],
		"map_locations": [
			{
				"map": "map_full",
				"x": 1624,
				"y": 764
			}
		]
	},
	
	// Eyeglasses
	{
		"name": "Clark Kent's hideout",
		"color": "#ffffff",
		"access_rules": [
			"fire,wind,windball,flight",
			"fire,wind,tornado,flight",
			"fire,wind,windball,fog,shell,water,waterball",
			"fire,wind,tornado,fog,shell,water,waterball",
			"fire,wind,windball,fog,shell,water,blizzard",
			"fire,wind,tornado,fog,shell,water,blizzard"
		],
		"sections": [
			{
				"name": "Kill Sabera first",
                "item_count": 1
			}
		],
		"map_locations": [
			{
				"map": "map_full",
				"x": 1550,
				"y": 174
			}
		]
	},
	
	// Kirisa Plant
	{
		"name": "Portoa Area",
		"color": "#ffffff",
		"access_rules": [
			"wind,windball,flight",
			"wind,tornado,flight",

			"wind,windball,water,waterball",
			"wind,tornado,water,waterball",

			"wind,windball,water,blizzard",
			"wind,tornado,water,blizzard"
		],
		"sections": [
			{
				"name": "South cave (Kirisa Plant)",
                "item_count": 1
			}
		],
		"map_locations": [
			{
				"map": "map_full",
				"x": 1644,
				"y": 1426
			}
		]
	},
	
	// Love Pendant
	{
		"name": "Portoa Waterway",
		"color": "#ffffff",
		"access_rules": [
			"flight",
			"fog,shell"
		],
		"sections": [
			{
				"name": "Swim / Fly along north wall",
                "item_count": 1
			}
		],
		"map_locations": [
			{
				"map": "map_full",
				"x": 1414,
				"y": 916
			}
		]
	},
	
	// Psycho Armor -> included with Bow of Truth

	// Fruit of Power
	{
		"name": "Zombie Town",
		"color": "#ffffff",
		"access_rules": [
			"wind,windball,flight",
			"wind,tornado,flight",
			"wind,windball,fog,shell,water,waterball",
			"wind,tornado,fog,shell,water,waterball",
			"wind,windball,fog,shell,water,blizzard",
			"wind,tornado,fog,shell,water,blizzard"
		],
		"sections": [
			{
				"name": "Vampire 2",
                "item_count": 1
			}
		],
		"map_locations": [
			{
				"map": "map_full",
				"x": 1560,
				"y": 54
			}
		]
	},
	
	// Opal Statue
	{
		"name": "Goa Fortress",
		"color": "#ffffff",
		"access_rules": [
			"wind,thunder,thunderball",
			"wind,thunder,storm"
		],
		"sections": [
			{
				"name": "Kelbesque 2 (use Wind)",
                "item_count": 1
			}
		],
		"map_locations": [
			{
				"map": "map_full",
				"x": 684,
				"y": 614
			}
		]
	},
	
	// Fruit of Repun
	{
		"name": "Goa Fortress",
		"color": "#ffffff",
		"access_rules": [

			// front, freeze bridges
			"fire,wind,thunder,thunderball,water,waterball",
			"fire,wind,thunder,storm,water,waterball",
			"fire,wind,thunder,thunderball,water,blizzard",
			"fire,wind,thunder,storm,water,blizzard",

			// front, fly over bridges
			"fire,wind,thunder,thunderball,flight",
			"fire,wind,thunder,storm,flight",

			// back (need Water for Mado)
			"fire,flight,thunder,thunderball,water",
			"fire,flight,thunder,storm,water"
		],
		"sections": [
			{
				"name": "Sabera 2 (use Fire)",
                "item_count": 1
			}
		],
		"map_locations": [
			{
				"map": "map_full",
				"x": 778,
				"y": 614
			}
		]
	},
	
	// Sacred Shield
	{
		"name": "Goa Fortress",
		"color": "#ffffff",
		"access_rules": [

			// front, freeze bridges
			"fire,wind,thunder,thunderball,water,waterball",
			"fire,wind,thunder,storm,water,waterball",
			"fire,wind,thunder,thunderball,water,blizzard",
			"fire,wind,thunder,storm,water,blizzard",

			// redundant due to having flight for back entry
		/*	"fire,wind,thunder,thunderball,flight,water",
			"fire,wind,thunder,storm,flight,water", */

			// back entry
			"flight,thunder,thunderball,water",
			"flight,thunder,storm,water"
		],
		"sections": [
			{
				"name": "Mado 2 (use Water)",
                "item_count": 1
			}
		],
		"map_locations": [
			{
				"map": "map_full",
				"x": 894,
				"y": 614
			}
		]
	}
]