﻿[
	// Refresh
	{
		"name": "Refresh",
		"color": "#00ffff",
		"access_rules": [
			"windmill"
		],
		"sections": [
			{
				"name": "Activate Windmill",
                "item_count": 1
			}
		],
		"map_locations": [
			{
				"map": "map_full",
				"x": 258,
				"y": 1194
			}
		]
	},
	
	// Paralysis
	{
		"name": "Paralysis",
		"color": "#00ffff",
		"access_rules": [
			"flight",
			"fire,fireball,teleport,wind,prison",
			"fire,flame,teleport,wind,prison"
		],
		"sections": [
			{
				"name": "Free Lunch (for now)",
                "item_count": 1
			}
		],
		"map_locations": [
			{
				"map": "map_full",
				"x": 1208,
				"y": 854
			}
		]
	},
	
	// Telepathy
	{
		"name": "Telepathy",
		"color": "#00ffff",
		"access_rules": [
			"gas,fire,fireball",
			"gas,fire,flame",
			"gas,wind,windball,windmill",
			"gas,wind,tornado,windmill"
		],
		"sections": [
			{
				"name": "Visit Oak first",
                "item_count": 1
			}
		],
		"map_locations": [
			{
				"map": "map_full",
				"x": 518,
				"y": 544
			}
		]
	},
	
	// Teleport
	{
		"name": "Teleport",
		"color": "#00ffff",
		"access_rules": [
			"tornado,fire,fireball",
			"tornado,fire,flame"
		],
		"sections": [
			{
				"name": "Tornel in Mt Sabre West",
                "item_count": 1
			}
		],
		"map_locations": [
			{
				"map": "map_full",
				"x": 104,
				"y": 1236
			}
		]
	},
	
	// Recover
	{
		"name": "Recover",
		"color": "#00ffff",
		"access_rules": [
			"water,flight",
			"water,waterball",
			"water,blizzard"
		],
		"sections": [
			{
				"name": "Talk to Mesia & go behind throne room",
                "item_count": 1
			}
		],
		"map_locations": [
			{
				"map": "map_full",
				"x": 1414,
				"y": 1132
			}
		]
	},
	
	// Barrier
	{
		"name": "Barrier",
		"color": "#00ffff",
		"access_rules": [
			"glowing,broken,flight",
			"glowing,broken,fog,shell"
		],
		"sections": [
			{
				"name": "Use Glowing Lamp & place statue on pedestal",
                "item_count": 1
			}
		],
		"map_locations": [
			{
				"map": "map_full",
				"x": 1434,
				"y": 280
			}
		]
	},
	
	// Change
	{
		"name": "Change",
		"color": "#00ffff",
		"access_rules": [
			"love,paralysis,thunder,water,waterball",
			"love,paralysis,thunder,water,blizzard",
			"love,paralysis,flight",
			"love,paralysis,glowing,broken,fog,shell"
		],
		"sections": [
			{
				"name": "Talk to Stom, Paralyze Kensu x2, give Love Pendant",
                "item_count": 1
			}
		],
		"map_locations": [
			{
				"map": "map_full",
				"x": 1338,
				"y": 104
			}
		]
	},
	
	// Flight
	{
		"name": "Flight",
		"color": "#00ffff",
		"access_rules": [
			"ivory,flight,thunder",
			"ivory,flight,change",
			"ivory,thunder,thunderball,water,waterball,wind,fire",
			"ivory,thunder,thunderball,water,blizzard,wind,fire",
			"ivory,thunder,storm,water,waterball,wind,fire",
			"ivory,thunder,storm,water,blizzard,wind,fire"
		],
		"sections": [
			{
				"name": "Use Ivory Statue on Blob-su (4th floor)",
                "item_count": 1
			}
		],
		"map_locations": [
			{
				"map": "map_full",
				"x": 1024,
				"y": 48
			}
		]
	}
]