﻿[
	// Sword of Wind
	{
		"name": "Leaf Village",
		"color": "#ffffff",
		"access_rules": [
			""
		],
		"sections": [
			{
				"name": "Leaf Elder",
                "item_count": 1
			}
		],
		"map_locations": [
			{
				"map": "map_full",
				"x": 520,
				"y": 1464
			}
		]
	},
	
	// Ball of Wind
	{
		"name": "Wind Cave",
		"color": "#ffffff",
		"access_rules": [
			"windmill",
			"fire,fireball,wind,windball",
			"fire,fireball,wind,tornado",
			"fire,flame,wind,windball",
			"fire,flame,wind,tornado"

		],
		"sections": [
			{
				"name": "Ball of Wind",
                "item_count": 1
			}
		],
		"map_locations": [
			{
				"map": "map_full",
				"x": 310,
				"y": 1050
			}
		]
	},
	
	// Tornado Bracelet
	{
		"name": "Mt Sabre West",
		"color": "#ffffff",
		"access_rules": [
			"fire,fireball,rabbit",
			"fire,flame,rabbit",
			"fire,fireball,speed",
			"fire,flame,speed",
			"fire,fireball,flight",
			"fire,flame,flight"
		],
		"sections": [
			{
				"name": "Hop (or Speed) up the slide",
                "item_count": 1
			}
		],
		"map_locations": [
			{
				"map": "map_full",
				"x": 104,
				"y": 1128
			}
		]
	},	

	// Sword of Fire
	// Insect Flute
	{
		"name": "Oak Village (Talk to Mom and save Piglet)",
		"color": "#ffffff",
		"access_rules": [
			"gas,telepathy,fire,fireball",
			"gas,telepathy,fire,flame",
			"gas,telepathy,wind,windball,windmill",
			"gas,telepathy,wind,tornado,windmill"
		],
		"sections": [
			{
				"name": "Mom",
                "item_count": 1
			},
			{
				"name": "Oak Elder",
                "item_count": 1
			}
		],
		"map_locations": [
			{
				"map": "map_full",
				"x": 916,
				"y": 912
			}
		]
	},

	// Ball of Fire
	{
		"name": "Insect Boss",
		"color": "#ffffff",
		"access_rules": [
			"gas,insect,fire,fireball",
			"gas,insect,fire,flame",
			
			"gas,insect,fire,wind,windball,windmill",
			"gas,insect,fire,wind,tornado,windmill",

			"gas,insect,water,wind,windball,windmill",
			"gas,insect,water,wind,tornado,windmill",

			"gas,insect,thunder,wind,windball,windmill",
			"gas,insect,thunder,wind,tornado,windmill"
		],
		"sections": [
			{
				"name": "Use Insect Flute at dead end",
                "item_count": 1
			}
		],
		"map_locations": [
			{
				"map": "map_full",
				"x": 1016,
				"y": 912
			}
		]
	},

	// Flame Bracelet
	{
		"name": "Mt Sabre North",
		"color": "#ffffff",
		"access_rules": [
			"flight,wind,fire,fireball",
			"flight,wind,fire,flame",
			"fire,fireball,teleport,wind",
			"fire,flame,teleport,wind",
			"windmill,wind,windball,teleport,flight",
			"windmill,wind,tornado,teleport,flight"
		],
		"sections": [
			{
				"name": "Kelbesque (use Wind)",
                "item_count": 1
			}
		],
		"map_locations": [
			{
				"map": "map_full",
				"x": 1100,
				"y": 756
			}
		]
	},

	// Sword of Water
	// Flute of Lime #2
	{
		"name": "Waterfall Cave",
		"color": "#ffffff",
		"access_rules": [
			"fire,fireball",
			"fire,flame"
		],
		"sections": [
			{
				"name": "Clip through statues",
                "item_count": 2
			}
		],
		"map_locations": [
			{
				"map": "map_full",
				"x": 1584,
				"y": 996
			}
		]
	},

	// Ball of Water
	{
		"name": "Lime Tree",
		"color": "#ffffff",
		"access_rules": [
			"water"
		],
		"sections": [
			{
				"name": "Rage",
                "item_count": 1
			}
		],
		"map_locations": [
			{
				"map": "map_full",
				"x": 966,
				"y": 1252
			}
		]
	},

	// Blizzard Bracelet
	{
		"name": "Amazones",
		"color": "#ffffff",
		"access_rules": [
			"flight,fire,fireball",
			"water,waterball,fire,fireball",
			"water,blizzard,fire,fireball",

			"flight,fire,flame",
			"water,waterball,fire,flame",
			"water,blizzard,fire,flame",

			"flight,windmill,wind,windball",
			"water,waterball,windmill,wind,windball",
			"water,blizzard,windmill,wind,windball",

			"flight,windmill,wind,tornado",
			"water,waterball,windmill,wind,tornado",
			"water,blizzard,windmill,wind,tornado"
		],
		"sections": [
			{
				"name": "Storage Room",
                "item_count": 1
			}
		],
		"map_locations": [
			{
				"map": "map_full",
				"x": 580,
				"y": 1014
			}
		]
	},

	// Sword of Thunder
	{
		"name": "Stxy",
		"color": "#ffffff",
		"access_rules": [
			"stxy,thunder,flight",
			"stxy,thunder,water,waterball",
			"stxy,thunder,water,blizzard",

			"stxy,change,flight",

			"stxy,fog,shell,change,water,waterball",
			"stxy,fog,shell,change,water,blizzard"
		],
		"sections": [
			{
				"name": "Spiky Basement",
                "item_count": 1
			}
		],
		"map_locations": [
			{
				"map": "map_full",
				"x": 104,
				"y": 296
			}
		]
	},

	// Ball of Thunder
	{
		"name": "Mado (use Water)",
		"color": "#ffffff",
		"access_rules": [
			"thunder,water,waterball",
			"thunder,water,blizzard",
			"thunder,water,flight"
		],
		"sections": [
			{
				"name": "Enter Goa w/ Thunder to trigger massacre",
                "item_count": 1
			}
		],
		"map_locations": [
			{
				"map": "map_full",
				"x": 152,
				"y": 554
			}
		]
	},

	// Storm Bracelet
	// Ivory Statue
	{
		"name": "Goa Fortress",
		"color": "#ffffff",
		"access_rules": [
			"thunder,flight",
			"thunder,thunderball,wind,fire,water,waterball",
			"thunder,thunderball,wind,fire,water,blizzard",
			"thunder,storm,wind,fire,water,waterball",
			"thunder,storm,wind,fire,water,blizzard"
		],
		"sections": [
			{
				"name": "Karmine (use Thunder)",
                "item_count": 2
			}
		],
		"map_locations": [
			{
				"map": "map_full",
				"x": 1014,
				"y": 614
			}
		]
	}
]