﻿[
	// Gas Mask
	{
		"name": "Akahana",
		"color": "#ffffff",
		"access_rules": [
			"onyx,fire,fireball",
			"onyx,fire,flame",
			"onyx,wind,windball,windmill",
			"onyx,wind,tornado,windmill"
		],
		"sections": [
			{
				"name": "Give him Statue of Onyx",
                "item_count": 1
			}
		],
		"map_locations": [
			{
				"map": "map_full",
				"x": 54,
				"y": 759
			}
		]
	},

	// Rabbit Boots
	{
		"name": "Wind Cave",
		"color": "#ffffff",
		"access_rules": [
			"wind,windball,fire,fireball",
			"wind,tornado,fire,flame",
			"wind,tornado,fire,fireball",
			"wind,windball,fire,flame",
			
			"wind,windball,windmill",
			"wind,tornado,windmill"
		],
		"sections": [
			{
				"name": "Vampire Boss",
                "item_count": 1
			}
		],
		"map_locations": [
			{
				"map": "map_full",
				"x": 310,
				"y": 916
			}
		]
	}
]