﻿[
  {
		"name": "Spirit",
		"access_rules": [ "" ],
		"map_locations":[
			{
				"map": "map_spirit",
				"x": 296,
				"y": 142
			}
		],
		"sections": [
			{
				"access_rules": [ "emf5,box,writing", "{$possSpirit}"],
				"item_count": 1
			}
		]
	},
    
  {
		"name": "Wraith",
		"access_rules": [ "" ],
		"map_locations":[
			{
				"map": "map_wraith",
				"x": 296,
				"y": 142
			}
		],
		"sections": [
			{
				"access_rules": [ "emf5,box,dots", "{$possWraith}"],
				"item_count": 1
			}
		]
	},

  {
		"name": "Phantom",
		"access_rules": [ "" ],
		"map_locations":[
			{
				"map": "map_phantom",
				"x": 296,
				"y": 142
			}
		],
		"sections": [
			{
				"access_rules": [ "box,fingerprints,dots", "{$possPhantom}"],
				"item_count": 1
			}
		]
	},

  {
		"name": "Poltergeist",
		"access_rules": [ "" ],
		"map_locations":[
			{
				"map": "map_poltergeist",
				"x": 296,
				"y": 142
			}
		],
		"sections": [
			{
				"access_rules": [ "box,fingerprints,writing", "{$possPoltergeist}"],
				"item_count": 1
			}
		]
	},

  {
		"name": "Banshee",
		"access_rules": [ "" ],
		"map_locations":[
			{
				"map": "map_banshee",
				"x": 296,
				"y": 142
			}
		],
		"sections": [
			{
				"access_rules": [ "fingerprints,orb,dots", "{$possBanshee}"],
				"item_count": 1
			}
		]
	},

  {
		"name": "Jinn",
		"access_rules": [ "" ],
		"map_locations":[
			{
				"map": "map_jinn",
				"x": 296,
				"y": 142
			}
		],
		"sections": [
			{
				"access_rules": [ "emf5,fingerprints,freezing", "{$possJinn}"],
				"item_count": 1
			}
		]
	},

  {
		"name": "Mare",
		"access_rules": [ "" ],
		"map_locations":[
			{
				"map": "map_mare",
				"x": 296,
				"y": 142
			}
		],
		"sections": [
			{
				"access_rules": [ "box,orb,writing", "{$possMare}"],
				"item_count": 1
			}
		]
	},

  {
		"name": "Revenant",
		"access_rules": [ "" ],
		"map_locations":[
			{
				"map": "map_revenant",
				"x": 296,
				"y": 142
			}
		],
		"sections": [
			{
				"access_rules": [ "orb,writing,freezing", "{$possRevenant}"],
				"item_count": 1
			}
		]
	},

  {
		"name": "Shade",
		"access_rules": [ "" ],
		"map_locations":[
			{
				"map": "map_shade",
				"x": 296,
				"y": 142
			}
		],
		"sections": [
			{
				"access_rules": [ "emf5,writing,freezing", "{$possShade}"],
				"item_count": 1
			}
		]
	},

  {
		"name": "Demon",
		"access_rules": [ "" ],
		"map_locations":[
			{
				"map": "map_demon",
				"x": 296,
				"y": 142
			}
		],
		"sections": [
			{
				"access_rules": [ "fingerprints,writing,freezing", "{$possDemon}"],
				"item_count": 1
			}
		]
	},

  {
		"name": "Yurei",
		"access_rules": [ "" ],
		"map_locations":[
			{
				"map": "map_yurei",
				"x": 296,
				"y": 142
			}
		],
		"sections": [
			{
				"access_rules": [ "orb,freezing,dots", "{$possYurei}"],
				"item_count": 1
			}
		]
	},

  {
		"name": "Oni",
		"access_rules": [ "" ],
		"map_locations":[
			{
				"map": "map_oni",
				"x": 296,
				"y": 142
			}
		],
		"sections": [
			{
				"access_rules": [ "emf5,freezing,dots", "{$possOni}"],
				"item_count": 1
			}
		]
	},

  {
		"name": "Yokai",
		"access_rules": [ "" ],
		"map_locations":[
			{
				"map": "map_yokai",
				"x": 296,
				"y": 142
			}
		],
		"sections": [
			{
				"access_rules": [ "box,orb,dots", "{$possYokai}"],
				"item_count": 1
			}
		]
	},

  {
		"name": "Hantu",
		"access_rules": [ "" ],
		"map_locations":[
			{
				"map": "map_Hantu",
				"x": 296,
				"y": 142
			}
		],
		"sections": [
			{
				"access_rules": [ "fingerprints,orb,freezing", "{$possHantu}"],
				"item_count": 1
			}
		]
	},

  {
		"name": "Goryo",
		"access_rules": [ "" ],
		"map_locations":[
			{
				"map": "map_Goryo",
				"x": 296,
				"y": 142
			}
		],
		"sections": [
			{
				"access_rules": [ "emf5,fingerprints,dots", "{$possGoryo}"],
				"item_count": 1
			}
		]
	},

  {
		"name": "Myling",
		"access_rules": [ "" ],
		"map_locations":[
			{
				"map": "map_Myling",
				"x": 296,
				"y": 142
			}
		],
		"sections": [
			{
				"access_rules": [ "emf5,fingerprints,writing", "{$possMyling}"],
				"item_count": 1
			}
		]
	}
    
]