﻿[
  
  {
    "name": "map_spirit",
    "img": "images/ghosts/spirit.png",
    "location_size": 64
  },
  
  {
    "name": "map_wraith",
    "img": "images/ghosts/wraith.png",
    "location_size": 64
  },
  
  {
    "name": "map_phantom",
    "img": "images/ghosts/phantom.png",
    "location_size": 64
  },
  
  {
    "name": "map_poltergeist",
    "img": "images/ghosts/poltergeist.png",
    "location_size": 64
  },
  
  {
    "name": "map_banshee",
    "img": "images/ghosts/banshee.png",
    "location_size": 64
  },
  
  {
    "name": "map_jinn",
    "img": "images/ghosts/jinn.png",
    "location_size": 64
  },
  
  {
    "name": "map_mare",
    "img": "images/ghosts/mare.png",
    "location_size": 64
  },
  
  {
    "name": "map_revenant",
    "img": "images/ghosts/revenant.png",
    "location_size": 64
  },
  
  {
    "name": "map_shade",
    "img": "images/ghosts/shade.png",
    "location_size": 64
  },
  
  {
    "name": "map_demon",
    "img": "images/ghosts/demon.png",
    "location_size": 64
  },
  
  {
    "name": "map_yurei",
    "img": "images/ghosts/yurei.png",
    "location_size": 64
  },
  
  {
    "name": "map_oni",
    "img": "images/ghosts/oni.png",
    "location_size": 64
  },
  
  {
    "name": "map_yokai",
    "img": "images/ghosts/yokai.png",
    "location_size": 64
  },
  
  {
    "name": "map_hantu",
    "img": "images/ghosts/hantu.png",
    "location_size": 64
  },
  
  {
    "name": "map_goryo",
    "img": "images/ghosts/goryo.png",
    "location_size": 64
  },
  
  {
    "name": "map_myling",
    "img": "images/ghosts/myling.png",
    "location_size": 64
  }
  


]