{
	"weapons": {
		"type": "itemgrid",
        "h_alignment": "center",
		"background": "#203040",
		"item_size": 40,
        "item_margin": "4,4",
        "rows": [
            [
                "wind",
                "fire",
                "water",
                "thunder"
            ],
            [
                "windball",
                "fireball",
                "waterball",
                "thunderball"
            ],
            [
                "tornado",
                "flame",
                "blizzard",
                "storm"
            ]
		]
	},

	"worn_items": {
		"type": "itemgrid",
        "h_alignment": "center",
		"background": "#203040",
		"item_size": 40,
        "item_margin": "4,4",
        "rows": [
            [
                "gas",
                "power",
                "warrior",
                "iron"
            ],
            [
                "deo",
                "rabbit",
                "speed",
                "shield"
            ]
		]
	},
  
	"magic": {
		"type": "itemgrid",
        "h_alignment": "center",
		"background": "#203040",
		"item_size": 40,
        "item_margin": "4,4",
        "rows": [
            [
                "refresh",
                "paralysis",
                "telepathy",
                "teleport"
            ],
            [
                "recover",
                "barrier",
                "change",
                "flight"
            ]
		]
	},
  
	"bows": {
		"type": "itemgrid",
        "h_alignment": "center",
		"background": "#203040",
		"item_size": 40,
        "item_margin": "4,4",
        "rows": [
            [
                "moon",
                "sun",
                "truth"
            ]
		]
	},
  
	"event_items": {
		"type": "itemgrid",
        "h_alignment": "center",
		"background": "#203040",
		"item_size": 40,
        "item_margin": "4,4",
        "rows": [
            [
                "windmill",
                "prison",
                "stxy"
            ],
            [
                "insect",
                "lime",
                "shell"
            ],
            [
                "onyx",
                "broken",
                "ivory"
            ],
            [
                "fog",
                "glowing",
                "eyeglasses"
            ],
            [
                "kirisa",
                "love",
				"psycho"
            ]
		]
	},
  
	"garbage": {
		"type": "itemgrid",
        "h_alignment": "right",
	    "background": "#203040",
		"item_size": 40,
        "item_margin": "4,4",
        "rows": [
            [
                "opel",
                "repun",
                "sacred"
            ]
		]
	},
  
  "tracker_left": {
    "type": "array",
    "height": 364,
    "orientation": "vertical",
    "background": "#203040",
    "style": "stack",
    "content": [
        {
			"type": "layout",
			"dropshadow": true,
			"margin": 0,
			"key": "weapons"
        },
        {
			"type": "layout",
			"dropshadow": true,
			"margin": 0,
			"key": "worn_items"
        },
        {
			"type": "layout",
			"dropshadow": true,
			"margin": 0,
			"key": "magic"
        }                    
    ]
  },

  "tracker_right": {
    "type": "array",
    "height": 364,
    "orientation": "vertical",
    "background": "#203040",
    "style": "stack",
    "content": [
        {
			"type": "layout",
			"dropshadow": true,
			"margin": 0,
			"key": "bows"
        },
        {
			"type": "layout",
			"dropshadow": true,
			"margin": 0,
			"key": "event_items"
        },
        {
			"type": "layout",
			"dropshadow": true,
			"margin": 0,
			"key": "garbage"
        }                    
    ]
  },

	"tracker_full": {
  			"type": "dock",
			"content": [
				{
					"type": "layout",
					"dropshadow": true,
					"margin": 0,
					"key": "tracker_left"
				},
				{
					"type": "layout",
					"dropshadow": true,
					"margin": 0,
					"key": "tracker_right"
				}
			]
	},

  "tracker_default": {
    "type": "array",
    "height": 396,
    "orientation": "horizontal",
    "background": "#203040",
    "style": "wrap",
    "content": [
		{
			"type": "tabbed",
			"width": 358,
			"tabs": [
				{
					"title": "Items",
					"content":
						{
							"type": "layout",
							"dropshadow": false,
							"margin": 0,
							"key": "tracker_full"
						}
				},
				{
					"title": "Flags",
					"content": {
						"type": "itemgrid",
					    "height": 364,
						"item_width": 64,
						"item_height": 32,
						"v_alignment": "center",
						"dropshadow": false,
						"margin": 0,
						"rows": [
							[ "" ],
							[ "" ],
							[ "flag_sb" ],
							[ "flag_sk" ],
							[ "flag_sm" ],
							[ "flag_sc" ],
							[ "flag_st" ]
						]
					}
				}

			]
		},
		
		{
			"type": "tabbed",
			"width": 412,
			"tabs": [
				{
					"title": "World Map",
					"content": {
						"type": "map",
						"dropshadow": true,
						"v_alignment": "center",
						"maps": [
							"map_full"
						]
					},
				},
				{
					"title": "Caves",
					"content": {
						"type": "tabbed",
						"width": 412,
						"tabs": [
							{
								"title": "Sealed",
								"content": {
									"type": "map",
									"dropshadow": true,
									"v_alignment": "center",
									"maps": [
										"map_sealed_cave"
									]
								}
							},
							{
								"title": "Fog Lamp",
								"content": {
									"type": "map",
									"dropshadow": true,
									"v_alignment": "center",
									"maps": [
										"map_fog_lamp_cave"
									]
								}
							},
							{
								"title": "Oasis",
								"content": {
									"type": "map",
									"dropshadow": true,
									"v_alignment": "center",
									"maps": [
										"map_oasis_cave"
									]
								}
							}
						]
					}
				},
				{
					"title": "Mountains",
					"content": {
						"type": "tabbed",
						"width": 412,
						"tabs": [
							{
								"title": "Sabre West",
								"content": {
									"type": "map",
									"dropshadow": true,
									"v_alignment": "center",
									"maps": [
										"map_sabre_west"
									]
								}
							},
							{
								"title": "Sabre North",
								"content": {
									"type": "map",
									"dropshadow": true,
									"v_alignment": "center",
									"maps": [
										"map_sabre_north"
									]
								}
							},
							{
								"title": "Mt Hydra",
								"content": {
									"type": "map",
									"dropshadow": true,
									"v_alignment": "center",
									"maps": [
										"map_hydra"
									]
								}
							}
						]
					}
				},
				{
					"title": "Island",
					"content": {
						"type": "tabbed",
						"width": 412,
						"tabs": [
							{
								"title": "Cave",
								"content": {
									"type": "map",
									"dropshadow": true,
									"v_alignment": "center",
									"maps": [
										"map_island_cave"
									]
								}
							},
							{
								"title": "Fortress",
								"content": {
									"type": "map",
									"dropshadow": true,
									"v_alignment": "center",
									"maps": [
										"map_island_fortress"
									]
								}
							}
						]
					}
				},
				{
					"title": "Goa",
					"content": {
						"type": "tabbed",
						"width": 412,
						"tabs": [
							{
								"title": "1st",
								"content": {
									"type": "map",
									"dropshadow": true,
									"v_alignment": "center",
									"maps": [
										"map_goa_1"
									]
								}
							},
							{
								"title": "2nd",
								"content": {
									"type": "map",
									"dropshadow": true,
									"v_alignment": "center",
									"maps": [
										"map_goa_2"
									]
								}
							},
							{
								"title": "3rd",
								"content": {
									"type": "map",
									"dropshadow": true,
									"v_alignment": "center",
									"maps": [
										"map_goa_3"
									]
								}
							},
							{
								"title": "4th",
								"content": {
									"type": "map",
									"dropshadow": true,
									"v_alignment": "center",
									"maps": [
										"map_goa_4"
									]
								}
							}
						]
					}
				}
			]
		}
    ]
  }
}