{
	"weapons": {
		"type": "itemgrid",
        "h_alignment": "center",
		"background": "#203040",
		"item_size": 40,
        "item_margin": "4,4",
        "rows": [
            [
                "00",
                "01",
                "02",
                "03"
            ],
            [
                "10",
                "11",
                "12",
                "13"
            ],
            [
                "20",
                "21",
                "22",
                "23"
            ]
		]
	},

	"worn_items": {
		"type": "itemgrid",
        "h_alignment": "center",
		"background": "#203040",
		"item_size": 40,
        "item_margin": "4,4",
        "rows": [
            [
                "30",
                "31",
                "32",
                "33"
            ],
            [
                "40",
                "41",
                "42",
                "43"
            ]
		]
	},
  
	"magic": {
		"type": "itemgrid",
        "h_alignment": "center",
		"background": "#203040",
		"item_size": 40,
        "item_margin": "4,4",
        "rows": [
            [
                "50",
                "51",
                "52",
                "53"
            ],
            [
                "60",
                "61",
                "62",
                "63"
            ]
		]
	},
  
	"bows": {
		"type": "itemgrid",
        "h_alignment": "center",
		"background": "#203040",
		"item_size": 40,
        "item_margin": "4,4",
        "rows": [
            [
                "04",
                "05",
                "06"
            ]
		]
	},
  
	"event_items": {
		"type": "itemgrid",
        "h_alignment": "center",
		"background": "#203040",
		"item_size": 40,
        "item_margin": "4,4",
        "rows": [
            [
                "14",
                "15",
                "16"
            ],
            [
                "24",
                "25",
                "26"
            ],
            [
                "34",
                "35",
                "36"
            ],
            [
                "44",
                "45",
                "46"
            ],
            [
                "54",
                "55",
				"56"
            ]
		]
	},
  
	"garbage": {
		"type": "itemgrid",
        "h_alignment": "right",
	    "background": "#203040",
		"item_size": 40,
        "item_margin": "4,4",
        "rows": [
            [
                "64",
                "65",
                "66"
            ]
		]
	},
  
  "tracker_left": {
    "type": "array",
    "height": 400,
    "orientation": "vertical",
    "background": "#203040",
    "style": "stack",
    "content": [
        {
			"type": "layout",
			"dropshadow": true,
			"margin": 0,
			"key": "weapons"
        },
        {
			"type": "layout",
			"dropshadow": true,
			"margin": 0,
			"key": "worn_items"
        },
        {
			"type": "layout",
			"dropshadow": true,
			"margin": 0,
			"key": "magic"
        }                    
    ]
  },

  "tracker_right": {
    "type": "array",
    "height": 400,
    "orientation": "vertical",
    "background": "#203040",
    "style": "stack",
    "content": [
        {
			"type": "layout",
			"dropshadow": true,
			"margin": 0,
			"key": "bows"
        },
        {
			"type": "layout",
			"dropshadow": true,
			"margin": 0,
			"key": "event_items"
        },
        {
			"type": "layout",
			"dropshadow": true,
			"margin": 0,
			"key": "garbage"
        }                    
    ]
  },

  "tracker_default": {
    "type": "array",
    "width": 356,
    "height": 364,
    "orientation": "horizontal",
    "background": "#203040",
    "style": "wrap",
    "content": [
        {
			"type": "layout",
			"dropshadow": false,
			"margin": 0,
			"key": "tracker_left"
        },
        {
			"type": "layout",
			"dropshadow": true,
			"margin": 0,
			"key": "tracker_right"
        }                
    ]
  }

/*  "tracker_default": {
    "type": "container",
	"background": "#203040",
    "width": 350,
    "height": 350,
    "content": {
      "type": "layout",
      "dropshadow": true,
      "margin": 2,
      "key": "shared_item_grid"
    }
  } */
  
}