﻿[
	// 1st Floor
	{
		"name": "Goa 1st Floor",
		"access_rules": [
			"$canAccessKelbesque,$canKillKelbesque"
		],
		"sections": [
			{
				"name": "Kelbesque 2 (use Wind)",
				"visibility_rules": [ "flag_sk" ],
                "item_count": 1
			}
		],
		"map_locations": [
			{
				"map": "map_full",
				"x": 684,
				"y": 614
			},
			{
				"map": "map_goa_1",
				"x": 418,
				"y": 28
			}
		]
	},
	
	// 2nd Foor
	{
		"name": "Goa 2nd Floor 1",
		"access_rules": [ "$canAccessSabera,$canKillSabera" ],
		"map_locations":[
			{
				"map": "map_goa_2",
				"x": 410,
				"y": 20
			},
			{
				"map": "map_full",
				"x": 778,
				"y": 614
			}
		],
		"sections": [
			{
				"visibility_rules": [ "flag_sk" ],
				"name": "Sabera 2 (use Fire)",
				"item_count": 1
			}
		]
	},

	{
		"name": "Goa 2nd Floor 2",
		"access_rules": [
			"$canAccessKelbesque,$canKillKelbesque",
			"$canAccessSabera,$canKillSabera"
		],
		"map_locations":[
			{
				"map": "map_goa_2",
				"x": 91,
				"y": 42
			},
			{
				"map": "map_full",
				"x": 778,
				"y": 614
			}
		],
		"sections": [
			{
				"visibility_rules": [ "flag_sc" ],
				"name": "Fruit of Power",
				"item_count": 1
			}
		]
	},

	{
		"name": "Goa 2nd Floor 3",
		"access_rules": [
			"$canAccessKelbesque,$canKillKelbesque,$canCrossRivers",
			"$canAccessSabera,$canKillSabera"
		],
		"map_locations":[
			{
				"map": "map_goa_2",
				"x": 475,
				"y": 388
			},
			{
				"map": "map_full",
				"x": 778,
				"y": 614
			}
		],
		"sections": [
			{
				"visibility_rules": [ "flag_sc" ],
				"name": "Fruit of Repun",
				"item_count": 1
			}
		]
	},

	{
		"name": "Goa 2nd Floor 4",
		"access_rules": [
			"$canAccessKelbesque,$canKillKelbesque,$canCrossRivers",
			"$canAccessSabera,$canKillSabera"
		],
		"map_locations":[
			{
				"map": "map_goa_2",
				"x": 234,
				"y": 203
			},
			{
				"map": "map_full",
				"x": 778,
				"y": 614
			}
		],
		"sections": [
			{
				"visibility_rules": [ "flag_sc" ],
				"name": "Lysis Plant",
				"item_count": 1
			}
		]
	},

	{
		"name": "Goa 2nd Floor",
		"map_locations": [
			{
				"visibility_rules": [ "$goa_2_has_items" ],
				"map": "map_full",
				"x": 778,
				"y": 614
			}
		],
		"sections": [
			{
				"name": "Sabera 2 (use Fire)",
				"visibility_rules": [ "flag_sk" ],
				"access_rules": [ "$canAccessSabera,$canKillSabera" ],
                "item_count": 1
			},
			{
				"name": "Fruit of Power",
				"visibility_rules": [ "flag_sc" ],
				"access_rules": [
					"$canAccessKelbesque,$canKillKelbesque",
					"$canAccessSabera,$canKillSabera"
				],
                "item_count": 1
			},
			{
				"name": "Fruit of Repun",
				"visibility_rules": [ "flag_sc" ],
				"access_rules": [
					"$canAccessKelbesque,$canKillKelbesque,$canCrossRivers",
					"$canAccessSabera,$canKillSabera"
				],
                "item_count": 1
			},
			{
				"name": "Lysis Plant",
				"visibility_rules": [ "flag_sc" ],
				"access_rules": [
					"$canAccessKelbesque,$canKillKelbesque,$canCrossRivers",
					"$canAccessSabera,$canKillSabera"
				],
                "item_count": 1
			}
		]
	},
	
	// 3rd Foor
	{
		"name": "Goa 3rd Floor 1",
		"access_rules": [ "$canAccessMado,$canKillMado" ],
		"map_locations":[
			{
				"map": "map_goa_3",
				"x": 464,
				"y": 116
			},
			{
				"map": "map_full",
				"x": 894,
				"y": 614
			}
		],
		"sections": [
			{
				"visibility_rules": [ "flag_sk" ],
				"name": "Mado 2 (use Water)",
				"item_count": 1
			}
		]
	},

	{
		"name": "Goa 3rd Floor 2",
		"access_rules": [
			"$canAccessSabera,$canKillSabera",
			"$canAccessMado,$canKillMado"
		],
		"map_locations":[
			{
				"map": "map_goa_3",
				"x": 289,
				"y": 24
			},
			{
				"map": "map_full",
				"x": 894,
				"y": 614
			}
		],
		"sections": [
			{
				"visibility_rules": [ "flag_sc" ],
				"name": "Opel Statue",
				"item_count": 1
			}
		]
	},

	{
		"name": "Goa 3rd Floor 3",
		"access_rules": [
			"$canAccessSabera,$canKillSabera",
			"$canAccessMado,$canKillMado"
		],
		"map_locations":[
			{
				"map": "map_goa_3",
				"x": 22,
				"y": 155
			},
			{
				"map": "map_full",
				"x": 894,
				"y": 614
			}
		],
		"sections": [
			{
				"visibility_rules": [ "flag_sc" ],
				"name": "Antidote",
				"item_count": 1
			}
		]
	},

	{
		"name": "Goa 3rd Floor 4",
		"access_rules": [
			"$canAccessSabera,$canKillSabera",
			"$canAccessMado,$canKillMado"
		],
		"map_locations":[
			{
				"map": "map_goa_3",
				"x": 46,
				"y": 248
			},
			{
				"map": "map_full",
				"x": 894,
				"y": 614
			}
		],
		"sections": [
			{
				"visibility_rules": [ "flag_sc" ],
				"name": "Magic Ring 1",
				"item_count": 1
			}
		]
	},

	{
		"name": "Goa 3rd Floor 5",
		"access_rules": [
			"$canAccessSabera,$canKillSabera",
			"$canAccessMado,$canKillMado"
		],
		"map_locations":[
			{
				"map": "map_goa_3",
				"x": 353,
				"y": 365
			},
			{
				"map": "map_full",
				"x": 894,
				"y": 614
			}
		],
		"sections": [
			{
				"visibility_rules": [ "flag_sc" ],
				"name": "Magic Ring 2",
				"item_count": 1
			}
		]
	},

	{
		"name": "Goa 3rd Floor 6",
		"access_rules": [
			"$canAccessSabera,$canKillSabera",
			"$canAccessMado,$canKillMado"
		],
		"map_locations":[
			{
				"map": "map_goa_3",
				"x": 616,
				"y": 154
			},
			{
				"map": "map_full",
				"x": 894,
				"y": 614
			}
		],
		"sections": [
			{
				"visibility_rules": [ "flag_sc" ],
				"name": "Magic Ring 3",
				"item_count": 1
			}
		]
	},

	{
		"name": "Goa 3rd Floor",
		"map_locations": [
			{
				"visibility_rules": [ "$goa_3_has_items" ],
				"map": "map_full",
				"x": 894,
				"y": 614
			}
		],
		"sections": [
			{
				"name": "Mado 2 (use Water)",
				"visibility_rules": [ "flag_sk" ],
				"access_rules": [ "$canAccessMado,$canKillMado" ],
                "item_count": 1
			},
			{
				"name": "Opel Statue",
				"visibility_rules": [ "flag_sc" ],
				"access_rules": [
					"$canAccessSabera,$canKillSabera",
					"$canAccessMado,$canKillMado"
				],
                "item_count": 1
			},
			{
				"name": "Antidote",
				"visibility_rules": [ "flag_sc" ],
				"access_rules": [
					"$canAccessSabera,$canKillSabera",
					"$canAccessMado,$canKillMado"
				],
                "item_count": 1
			},
			{
				"name": "Magic Ring 1",
				"visibility_rules": [ "flag_sc" ],
				"access_rules": [
					"$canAccessSabera,$canKillSabera",
					"$canAccessMado,$canKillMado"
				],
                "item_count": 1
			},
			{
				"name": "Magic Ring 2",
				"visibility_rules": [ "flag_sc" ],
				"access_rules": [
					"$canAccessSabera,$canKillSabera",
					"$canAccessMado,$canKillMado"
				],
                "item_count": 1
			},
			{
				"name": "Magic Ring 3",
				"visibility_rules": [ "flag_sc" ],
				"access_rules": [
					"$canAccessSabera,$canKillSabera",
					"$canAccessMado,$canKillMado"
				],
                "item_count": 1
			}
		]
	},

	{
		"name": "Goa 4th Floor 1",
		"access_rules": [ "$canAccessKarmine,$canKillKarmine" ],
		"map_locations":[
			{
				"map": "map_goa_4",
				"x": 521,
				"y": 118
			},
			{
				"map": "map_full",
				"x": 1014,
				"y": 614
			}
		],
		"sections": [
			{
				"visibility_rules": [ "flag_sk" ],
				"name": "Karmine (use Thunder)",
				"item_count": 1
			}
		]
	},

	{
		"name": "Goa 4th Floor 2",
		"access_rules": [ "$canAccessKarmine,$canKillKarmine" ],
		"map_locations":[
			{
				"map": "map_goa_4",
				"x": 521,
				"y": 44
			}
		],
		"sections": [
			{
				"visibility_rules": [ "flag_sk" ],
				"name": "Storm Bracelet",
				"item_count": 1
			}
		]
	},

	{
		"name": "Goa 4th Floor 3",
		"access_rules": [
			"$canAccessMado,$canKillMado,ivory",
			"$canAccessGoa,flight,ivory"
		],
		"map_locations":[
			{
				"map": "map_goa_4",
				"x": 62,
				"y": 145
			},
			{
				"map": "map_full",
				"x": 1014,
				"y": 614
			}
		],
		"sections": [
			{
				"visibility_rules": [ "flag_sm" ],
				"name": "Kensu Blob (use Ivory Statue)",
				"item_count": 1
			}
		]
	},

	{
		"name": "Goa 4th Floor 4",
		"access_rules": [
			"$canAccessMado,$canKillMado",
			"$canAccessGoa,flight"
		],
		"map_locations":[
			{
				"map": "map_goa_4",
				"x": 394,
				"y": 469
			},
			{
				"map": "map_full",
				"x": 1014,
				"y": 614
			}
		],
		"sections": [
			{
				"visibility_rules": [ "flag_sc" ],
				"name": "Warp Boots",
				"item_count": 1
			}
		]
	},

	{
		"name": "Goa 4th Floor 5",
		"access_rules": [
			"$canAccessMado,$canKillMado",
			"$canAccessGoa,flight"
		],
		"map_locations":[
			{
				"map": "map_goa_4",
				"x": 458,
				"y": 469
			}
		],
		"sections": [
			{
				"visibility_rules": [ "flag_sc" ],
				"name": "Magic Ring",
				"item_count": 1
			}
		]
	},

	{
		"name": "Goa 4th Floor 6",
		"access_rules": [
			"$canAccessMado,$canKillMado",
			"$canAccessGoa,flight"
		],
		"map_locations":[
			{
				"map": "map_goa_4",
				"x": 521,
				"y": 469
			},
			{
				"map": "map_full",
				"x": 1014,
				"y": 614
			}
		],
		"sections": [
			{
				"visibility_rules": [ "flag_st" ],
				"name": "Mimic 1",
				"item_count": 1
			}
		]
	},

	{
		"name": "Goa 4th Floor 7",
		"access_rules": [
			"$canAccessMado,$canKillMado",
			"$canAccessGoa,flight"
		],
		"map_locations":[
			{
				"map": "map_goa_4",
				"x": 521,
				"y": 307
			}
		],
		"sections": [
			{
				"visibility_rules": [ "flag_st" ],
				"name": "Mimic 2",
				"item_count": 1
			}
		]
	},

	{
		"name": "Goa 4th Floor 8",
		"access_rules": [
			"$canAccessMado,$canKillMado",
			"$canAccessGoa,flight"
		],
		"map_locations":[
			{
				"map": "map_goa_4",
				"x": 458,
				"y": 307
			}
		],
		"sections": [
			{
				"visibility_rules": [ "flag_st" ],
				"name": "Mimic 3",
				"item_count": 1
			}
		]
	},

	{
		"name": "Goa 4th Floor",
		"access_rules": [
			"$canAccessMado,$canKillMado",
			"$canAccessGoa,flight"
		],
		"map_locations": [
			{
				"visibility_rules": [ "$goa_4_has_items" ],
				"map": "map_full",
				"x": 1014,
				"y": 614
			}
		],
		"sections": [
			{
				"name": "Karmine (use Thunder)",
				"visibility_rules": [ "flag_sk" ],
				"access_rules": [ "$canBypassBarriers,$canKillKarmine" ],
                "item_count": 2
			},
			{
				"name": "Kensu Blob (use Ivory Statue)",
				"visibility_rules": [ "flag_sm" ],
				"access_rules": [ "ivory" ],
                "item_count": 1
			},
			{
				"name": "Spike Pit Items",
				"visibility_rules": [ "flag_sc" ],
                "item_count": 2
			},
			{
				"name": "Spike Pit Mimics",
				"visibility_rules": [ "flag_st" ],
                "item_count": 3
			}
		]
	}
]