﻿[
	{
		"name": "Mt Sabre West 1",
		"access_rules": [
			"$canBreakIceWalls,$canClimbSlope"
		],
		"map_locations":[
			{
				"map": "map_sabre_west",
				"x": 128,
				"y": 394
			},
			{
				"map": "map_full",
				"x": 105,
				"y": 1312
			}
		],
		"sections": [
			{
				"name": "Tornado Bracelet",
				"visibility_rules": [ "flag_sk" ],
				"item_count": 1
			}
		]
	},
	
	{
		"name": "Mt Sabre West 2",
		"access_rules": [
			"$canBreakIceWalls,tornado"
		],
		"map_locations":[
			{
				"map": "map_sabre_west",
				"x": 46,
				"y": 290
			},
			{
				"map": "map_full",
				"x": 105,
				"y": 1312
			}
		],
		"sections": [
			{
				"name": "Teleport",
				"visibility_rules": [ "flag_sm" ],
				"item_count": 1
			}
		]
	},
	
	{
		"name": "Mt Sabre West 3",
		"access_rules": [
			"$canAccessBrynmaer,$canBreakIceWalls"
		],
		"map_locations":[
			{
				"map": "map_sabre_west",
				"x": 253,
				"y": 343
			},
			{
				"map": "map_full",
				"x": 105,
				"y": 1312
			}
		],
		"sections": [
			{
				"name": "Warp Boots",
				"visibility_rules": [ "flag_sc" ],
				"item_count": 1
			}
		]
	},
	
	{
		"name": "Mt Sabre West 4",
		"access_rules": [
			"$canBreakIceWalls"
		],
		"map_locations":[
			{
				"map": "map_sabre_west",
				"x": 318,
				"y": 68
			},
			{
				"map": "map_full",
				"x": 105,
				"y": 1312
			}
		],
		"sections": [
			{
				"name": "Medical Herb",
				"visibility_rules": [ "flag_sc" ],
				"item_count": 1
			}
		]
	},
	
	{
		"name": "Mt Sabre West 5",
		"access_rules": [
			"$canBreakIceWalls"
		],
		"map_locations":[
			{
				"map": "map_sabre_west",
				"x": 46,
				"y": 338
			},
			{
				"map": "map_full",
				"x": 105,
				"y": 1312
			}
		],
		"sections": [
			{
				"name": "Magic Ring",
				"visibility_rules": [ "flag_sc" ],
				"item_count": 1
			}
		]
	},
	
	{
		"name": "Mt Sabre West",
		"access_rules": [
			"$canBreakIceWalls"
		],
		"map_locations": [
			{
				"visibility_rules": [ "$sabre_west_has_items" ],
				"map": "map_full",
				"x": 105,
				"y": 1312
			}
		],
		"sections": [
			{
				"name": "Tornado Bracelet",
				"visibility_rules": [ "flag_sk" ],
    			"access_rules": [ "$canClimbSlope" ],
                "item_count": 1
			},
			{
				"name": "Teleport",
				"visibility_rules": [ "flag_sm" ],
				"access_rules": [ "tornado" ],
                "item_count": 1
			},
			{
				"name": "Warp Boots",
				"visibility_rules": [ "flag_sc" ],
                "item_count": 1
			},
			{
				"name": "Medical Herb",
				"visibility_rules": [ "flag_sc" ],
                "item_count": 1
			},
			{
				"name": "Magic Ring",
				"visibility_rules": [ "flag_sc" ],
                "item_count": 1
			}
		]
	}
]